"med","p90","max","run_id","run_ts"
0.0914673948907092,0.0943871048348171,0.0984421793556878,"20260421_094018","2026-04-21 09:40:18.841212"
