"med","p90","max","run_id","run_ts"
0.0967218677714531,0.101599082076048,0.107896050957272,"20260423_104307","2026-04-23 10:43:07.487173"
