"med","p90","max","run_id","run_ts"
0.0994862662061578,0.105664666452998,0.115523720833031,"20260206_194732","2026-02-06 19:47:32.320298"
