"med","p90","max","run_id","run_ts"
0.0967218677714531,0.101599082076048,0.107896050957272,"20260421_073405","2026-04-21 07:34:05.211923"
