"med","p90","max","run_id","run_ts"
0.08972559168164,0.0905160135276049,0.0913387547645747,"20260415_003149","2026-04-15 00:31:49.347034"
