"med","p90","max","run_id","run_ts"
0.0967218677714531,0.101599082076048,0.107896050957272,"20260421_061058","2026-04-21 06:10:58.635955"
