"med","p90","max","run_id","run_ts"
0.0911383865090877,0.0940709017292039,0.100112773771883,"20260204_191353","2026-02-04 19:13:53.507587"
