"med","p90","max","run_id","run_ts"
0.0938433615477454,0.0985485053599231,0.100106457717027,"20260416_211701","2026-04-16 21:17:01.49828"
