"med","p90","max","run_id","run_ts"
0.0994862662061578,0.105664666452998,0.115523720833031,"20260208_095917","2026-02-08 09:59:17.934826"
