"med","p90","max","run_id","run_ts"
0.0911383865090877,0.0940709017292039,0.100112773771883,"20260205_061324","2026-02-05 06:13:24.769029"
