"med","p90","max","run_id","run_ts"
0.0933387890287163,0.0990550325658819,0.103088612009684,"20260301_131122","2026-03-01 13:11:22.14127"
