"med","p90","max","run_id","run_ts"
0.0897561981099601,0.0902788264285545,0.0909584274596564,"20260208_102357","2026-02-08 10:23:57.345274"
