"med","p90","max","run_id","run_ts"
0.0994862662061578,0.105664666452998,0.115523720833031,"20260205_144255","2026-02-05 14:42:55.002451"
