"med","p90","max","run_id","run_ts"
0.0897775664184575,0.0903149514513106,0.0909256223768119,"20260410_065559","2026-04-10 06:55:59.257143"
