"med","p90","max","run_id","run_ts"
0.088577160034563,0.0901076366393453,0.090615790701759,"20260423_111150","2026-04-23 11:11:50.486947"
