"count","seconds","seconds_per_call","run_id","run_mode","n_subset","run_ts"
1,2.85002899169922,2.85002899169922,"20260208_102357","full",515286,"2026-02-08 10:23:57.345274"
