"count","seconds","seconds_per_call","run_id","run_mode","n_subset","run_ts"
1,0.143658876419067,0.143658876419067,"20260409_132423","pilot",5175,"2026-04-09 13:24:23.302076"
