"count","seconds","seconds_per_call","run_id","run_mode","n_subset","run_ts"
1,0.0330040454864502,0.0330040454864502,"20260421_092434","pilot",5175,"2026-04-21 09:24:34.367118"
