"count","seconds","seconds_per_call","run_id","run_mode","n_subset","run_ts"
1,0.0313198566436768,0.0313198566436768,"20260205_144255","pilot",5175,"2026-02-05 14:42:55.002451"
