"count","seconds","seconds_per_call","run_id","run_mode","n_subset","run_ts"
1,0.144512891769409,0.144512891769409,"20260204_072236","pilot",25852,"2026-02-04 07:22:36.1214"
