"count","seconds","seconds_per_call","run_id","run_mode","n_subset","run_ts"
1,0.144147157669067,0.144147157669067,"20260204_191353","pilot",25852,"2026-02-04 19:13:53.507587"
