"count","seconds","seconds_per_call","run_id","run_mode","n_subset","run_ts"
1,0.0314850807189941,0.0314850807189941,"20260207_173552","pilot",5175,"2026-02-07 17:35:52.953951"
