"count","seconds","seconds_per_call","run_id","run_mode","n_subset","run_ts"
1,0.0049281120300293,0.0049281120300293,"20260203_073803","pilot",532,"2026-02-03 07:38:03.890464"
