"count","seconds","seconds_per_call","run_id","run_mode","n_subset","run_ts"
1,0.0347909927368164,0.0347909927368164,"20260423_104307","pilot",5175,"2026-04-23 10:43:07.487173"
