"count","seconds","seconds_per_call","run_id","run_mode","n_subset","run_ts"
1,0.0326650142669678,0.0326650142669678,"20260421_061058","pilot",5175,"2026-04-21 06:10:58.635955"
