"count","seconds","seconds_per_call","run_id","run_mode","n_subset","run_ts"
1,1.9388439655304,1.9388439655304,"20260415_003149","pilot",257753,"2026-04-15 00:31:49.347034"
