"count","seconds","seconds_per_call","run_id","run_mode","n_subset","run_ts"
1,2.76888298988342,2.76888298988342,"20260419_112645","full",515286,"2026-04-19 11:26:45.267227"
