"count","seconds","seconds_per_call","run_id","run_mode","n_subset","run_ts"
1,0.301716089248657,0.301716089248657,"20260421_094018","pilot",51409,"2026-04-21 09:40:18.841212"
