"count","seconds","seconds_per_call","run_id","run_mode","n_subset","run_ts"
1,0.0327088832855225,0.0327088832855225,"20260208_095917","pilot",5175,"2026-02-08 09:59:17.934826"
