"count","seconds","seconds_per_call","run_id","run_mode","n_subset","run_ts"
1,0.693892002105713,0.693892002105713,"20260423_111150","pilot",128521,"2026-04-23 11:11:50.486947"
