"count","seconds","seconds_per_call","run_id","run_mode","n_subset","run_ts"
1,0.00543785095214844,0.00543785095214844,"20260202_181139","pilot",532,"2026-02-02 18:11:39.084456"
