"count","seconds","seconds_per_call","run_id","run_mode","n_subset","run_ts"
1,0.0328140258789062,0.0328140258789062,"20260206_194732","pilot",5175,"2026-02-06 19:47:32.320298"
