"count","seconds","seconds_per_call","run_id","run_mode","n_subset","run_ts"
1,0.0318949222564697,0.0318949222564697,"20260424_063653","pilot",5175,"2026-04-24 06:36:53.744157"
