"count","seconds","seconds_per_call","run_id","run_mode","n_subset","run_ts"
1,0.0406219959259033,0.0406219959259033,"20260301_131122","pilot",5194,"2026-03-01 13:11:22.14127"
