"count","seconds","seconds_per_call","run_id","run_mode","n_subset","run_ts"
1,0.0364959239959717,0.0364959239959717,"20260421_073405","pilot",5175,"2026-04-21 07:34:05.211923"
