"term","estimate","std.error","mc_error","mc_err_over_se","conf.low","conf.high","qc_flag","run_id","run_ts"
"has_abg",2.1662841823752,0.0118885781162832,0.000143956720450431,0.0121088257184651,2.14298256926728,2.18958579548311,FALSE,"20260208_102357","2026-02-08 10:23:57.345274"
