"term","estimate","std.error","mc_error","mc_err_over_se","conf.low","conf.high","qc_flag","run_id","run_ts"
"has_abg",2.16633371120125,0.0531085332722265,0.000824419060994649,0.0155232880706533,2.06223731885481,2.27043010354769,FALSE,"20260204_191353","2026-02-04 19:13:53.507587"
