"term","estimate","std.error","mc_error","mc_err_over_se","conf.low","conf.high","qc_flag","run_id","run_ts"
"has_abg",2.17991416603072,0.0238692889584206,0.00060116578953181,0.0251857435124699,2.13313024393462,2.22669808812683,FALSE,"20260423_111150","2026-04-23 11:11:50.486947"
