"term","estimate","std.error","mc_error","mc_err_over_se","conf.low","conf.high","qc_flag","run_id","run_ts"
"has_abg",2.13303505753685,0.122914171608537,0.0015721830304861,0.0127909012436195,1.89206985594136,2.37400025913233,FALSE,"20260205_144255","2026-02-05 14:42:55.002451"
