"term","estimate","std.error","mc_error","mc_err_over_se","conf.low","conf.high","qc_flag","run_id","run_ts"
"has_abg",2.11256215474377,0.114716464875115,0.0029321847198447,0.0255602778819657,1.88766609979776,2.33745820968978,FALSE,"20260416_211701","2026-04-16 21:17:01.49828"
