"term","estimate","std.error","mc_error","mc_err_over_se","conf.low","conf.high","qc_flag","run_id","run_ts"
"has_abg",2.15166057265363,0.0371074441086484,0.000850512414844519,0.0229202639867696,2.07892902299246,2.2243921223148,FALSE,"20260421_094018","2026-04-21 09:40:18.841212"
