"term","estimate","std.error","mc_error","mc_err_over_se","conf.low","conf.high","qc_flag","run_id","run_ts"
"has_abg",2.16628192770201,0.0118953761806484,0.000156285400651914,0.0131383319264978,2.14296699038794,2.18959686501608,FALSE,"20260410_194707","2026-04-10 19:47:07.10635"
