"term","estimate","std.error","mc_error","mc_err_over_se","conf.low","conf.high","qc_flag","run_id","run_ts"
"has_abg",2.16620835936839,0.0118941908014847,0.000155015990282272,0.0130329160570488,2.14289574539748,2.1895209733393,FALSE,"20260410_065559","2026-04-10 06:55:59.257143"
