"term","estimate","std.error","mc_error","mc_err_over_se","conf.low","conf.high","qc_flag","run_id","run_ts"
"has_abg",2.11205599653747,0.114463258229865,0.00123726917407737,0.0108093129027717,1.88765895253868,2.33645304053626,FALSE,"20260301_131122","2026-03-01 13:11:22.14127"
