"term","estimate","std.error","mc_error","mc_err_over_se","conf.low","conf.high","qc_flag","run_id","run_ts"
"has_abg",2.13965718578263,0.123727700822668,0.00426746421332167,0.0344907743775016,1.89708742717132,2.38222694439395,FALSE,"20260424_063653","2026-04-24 06:36:53.744157"
