"term","estimate","std.error","mc_error","mc_err_over_se","conf.low","conf.high","qc_flag","run_id","run_ts"
"has_abg",2.15781220314353,0.0168008191739523,0.000431676679931619,0.0256937876339318,2.12488264266088,2.19074176362617,FALSE,"20260415_003149","2026-04-15 00:31:49.347034"
