"step_name","seconds","projected_hours","run_id","run_ts"
"mi_single_pass",807.360954046249,0.897067726718055,"20260423_111150","2026-04-23 11:11:50.486947"
