"step_name","seconds","projected_hours","run_id","run_ts"
"mi_single_pass",178.156713008881,4.94879758358002,"20260409_132423","2026-04-09 13:24:23.302076"
