"step_name","seconds","projected_hours","run_id","run_ts"
"mi_single_pass",142.519582986832,3.95887730518977,"20260208_095917","2026-02-08 09:59:17.934826"
