"step_name","seconds","projected_hours","run_id","run_ts"
"mi_single_pass",62.8498978614807,1.74583049615224,"20260421_073405","2026-04-21 07:34:05.211923"
