"step_name","seconds","projected_hours","run_id","run_ts"
"mi_single_pass",163.19188284874,4.53310785690943,"20260424_063653","2026-04-24 06:36:53.744157"
