"step_name","seconds","projected_hours","run_id","run_ts"
"mi_single_pass",44.5852839946747,1.23848011096319,"20260421_061058","2026-04-21 06:10:58.635955"
