"step_name","seconds","projected_hours","run_id","run_ts"
"mi_single_pass",55.275899887085,1.53544166353014,"20260205_144255","2026-02-05 14:42:55.002451"
