"step_name","seconds","projected_hours","run_id","run_ts"
"mi_single_pass",193.539501905441,0.537609727515115,"20260421_094018","2026-04-21 09:40:18.841212"
