"step_name","seconds","projected_hours","run_id","run_ts"
"mi_single_pass",168.440502882004,0.935780571566688,"20260204_191353","2026-02-04 19:13:53.507587"
