"step_name","seconds","projected_hours","run_id","run_ts"
"mi_single_pass",59.8781640529633,1.66328233480453,"20260421_092434","2026-04-21 09:24:34.367118"
