"step_name","seconds","projected_hours","run_id","run_ts"
"mi_single_pass",151.279003858566,4.20219455162684,"20260206_194732","2026-02-06 19:47:32.320298"
