"step_name","seconds","projected_hours","run_id","run_ts"
"mi_single_pass",137.317848920822,3.81438469224506,"20260207_173552","2026-02-07 17:35:52.953951"
