"step_name","seconds","projected_hours","run_id","run_ts"
"mi_single_pass",182.927362918854,5.08131563663483,"20260423_104307","2026-04-23 10:43:07.487173"
