"step_name","seconds","projected_hours","run_id","run_ts"
"mi_single_pass",1020.64421796799,0.567024565537771,"20260415_003149","2026-04-15 00:31:49.347034"
