"step_name","seconds","projected_hours","run_id","run_ts"
"mi_single_pass",2912.90311908722,80.9139755302005,"20260301_131122","2026-03-01 13:11:22.14127"
