"med","p90","max","run_id","run_ts"
0.0421236360598219,0.0434083242622642,0.0447322315941645,"20260423_111150","2026-04-23 11:11:50.486947"
