"med","p90","max","run_id","run_ts"
0.0414799711613207,0.0505557063330808,0.0609738011006165,"20260301_131122","2026-03-01 13:11:22.14127"
