"med","p90","max","run_id","run_ts"
0.0440390441357298,0.0474142354620532,0.0505432415861332,"20260204_191353","2026-02-04 19:13:53.507587"
