"med","p90","max","run_id","run_ts"
0.0674637532014772,0.0773875008687483,0.0863803938167865,"20260205_144255","2026-02-05 14:42:55.002451"
