"med","p90","max","run_id","run_ts"
0.0433418970130484,0.0531585812387876,0.0607629723265142,"20260416_211701","2026-04-16 21:17:01.49828"
