"med","p90","max","run_id","run_ts"
0.0635449276398748,0.0719988635178125,0.0794414692940423,"20260424_063653","2026-04-24 06:36:53.744157"
