"med","p90","max","run_id","run_ts"
0.0674637532014772,0.0773875008687483,0.0863803938167865,"20260206_194732","2026-02-06 19:47:32.320298"
