"med","p90","max","run_id","run_ts"
0.0407009517290323,0.0416137411703512,0.0423186598711072,"20260409_221754","2026-04-09 22:17:54.542942"
