"med","p90","max","run_id","run_ts"
0.0407632005012492,0.0417435399129091,0.0426420896261759,"20260208_102357","2026-02-08 10:23:57.345274"
