"med","p90","max","run_id","run_ts"
0.0401433606758201,0.0431743253317801,0.0450675584188259,"20260421_094018","2026-04-21 09:40:18.841212"
