"med","p90","max","run_id","run_ts"
0.0394996434308755,0.0406962268829457,0.0411609276560454,"20260415_003149","2026-04-15 00:31:49.347034"
