"med","p90","max","run_id","run_ts"
0.0674637532014772,0.0773875008687483,0.0863803938167865,"20260207_173552","2026-02-07 17:35:52.953951"
