"med","p90","max","run_id","run_ts"
0.0440390441357298,0.0474142354620532,0.0505432415861332,"20260205_061324","2026-02-05 06:13:24.769029"
