"med","p90","max","run_id","run_ts"
0.0406726186042093,0.0415590976040658,0.0423186598711072,"20260410_065559","2026-04-10 06:55:59.257143"
