"med","p90","max","run_id","run_ts"
0.0635449276398748,0.0719988635178125,0.0794414692940423,"20260423_104307","2026-04-23 10:43:07.487173"
