"med","p90","max","run_id","run_ts"
0.0407009517290323,0.0415678025041301,0.0423186598711072,"20260419_112645","2026-04-19 11:26:45.267227"
