"med","p90","max","run_id","run_ts"
0.0635449276398748,0.0719988635178125,0.0794414692940423,"20260421_092434","2026-04-21 09:24:34.367118"
