"med","p90","max","run_id","run_ts"
0.0635449276398748,0.0719988635178125,0.0794414692940423,"20260418_181006","2026-04-18 18:10:06.674532"
